{
  "Kotak Masuk Perangkat Daerah UK" : {
    "transaction" : "Kotak Masuk Perangkat Daerah UK",
    "sampleCount" : 766,
    "errorCount" : 7,
    "errorPct" : 0.91383815,
    "meanResTime" : 8967.950391644907,
    "medianResTime" : 9564.0,
    "minResTime" : 400.0,
    "maxResTime" : 18284.0,
    "pct1ResTime" : 14198.800000000001,
    "pct2ResTime" : 15065.9,
    "pct3ResTime" : 16864.63,
    "throughput" : 5.721798108669345,
    "receivedKBytesPerSec" : 77.48633976724383,
    "sentKBytesPerSec" : 4.598671722104367
  },
  "Total" : {
    "transaction" : "Total",
    "sampleCount" : 766,
    "errorCount" : 7,
    "errorPct" : 0.91383815,
    "meanResTime" : 8967.950391644907,
    "medianResTime" : 9564.0,
    "minResTime" : 400.0,
    "maxResTime" : 18284.0,
    "pct1ResTime" : 14198.800000000001,
    "pct2ResTime" : 15065.9,
    "pct3ResTime" : 16864.63,
    "throughput" : 5.721798108669345,
    "receivedKBytesPerSec" : 77.48633976724383,
    "sentKBytesPerSec" : 4.598671722104367
  }
}